,num_queens,tiempo_seq,tiempo_con,iter_seq,iter_con
0,4,0.002,0.33999999999999997,1.02,1.3199999999999998
1,5,0.002,0.324,1.0,1.3
2,10,0.3438,0.3844,17.479999999999997,20.200000000000003
3,15,1.0824,0.47759999999999997,60.54,46.88
4,20,2.3192,0.6878,115.32000000000001,97.24
5,25,6.549200000000001,1.0192,292.58000000000004,150.76
6,30,10.8822,1.8956,437.58000000000004,332.4
7,40,38.8162,5.0836,1359.14,901.0399999999997
8,50,130.7344,14.056000000000001,3981.12,2085.7999999999997
